Chain 1,Residue 1,Chain 2,Residue 2,CA distance,Threshold,Sat-Viol,OneLinkCorrect
C,97,D,97,16.8,27.0,S,t
C,196,C,97,25.6,27.0,S,t
C,89,C,72,25.7,27.0,S,t
C,196,C,127,21.7,27.0,S,t
C,196,D,61,48.6,27.0,V,f
C,196,D,58,53.5,27.0,V,f
C,89,C,196,34.4,27.0,V,f
C,97,D,40,84.4,27.0,V,f
C,82,D,196,34.0,27.0,V,f
C,124,D,79,26.0,27.0,S,t
C,97,D,68,43.3,27.0,V,f
C,196,C,124,16.2,27.0,S,t
C,196,D,46,67.8,27.0,V,f
C,97,C,79,27.0,27.0,S,t
C,85,D,196,36.2,27.0,V,f
C,85,C,97,18.4,27.0,S,t
C,84,C,72,18.2,27.0,S,t
